{
  "issue_number": 16974,
  "title": "unexpected result: casting real to string ",
  "body": "## Bug Report\r\n\r\n<!-- Thanks for your bug report! Don't worry if you can't fill out all the sections. -->\r\n\r\n### What version of TiKV are you using?\r\n<!-- You can run `tikv-server --version` -->\r\n\r\n5.4 ~ master\r\n\r\n### What operating system and CPU are you using?\r\n<!-- If you're using Linux, you can run `cat /proc/cpuinfo` -->\r\n\r\n### Steps to reproduce\r\n\r\nref https://github.com/pingcap/tidb/issues/51109\r\n\r\n```\r\nCREATE TABLE `t` (\r\n  `c` float DEFAULT NULL\r\n) ENGINE=InnoDB DEFAULT CHARSET=utf8mb4 COLLATE=utf8mb4_bin;\r\nINSERT INTO `t` VALUES(4474.7812);\r\nset tidb_opt_projection_push_down=1;\r\nselect c, cast(c as char) from t;\r\n\r\n```\r\n\r\n### What did you expect?\r\n\r\n```\r\nmysql> select c, cast(c as char) from t;\r\n+-----------+-----------------+\r\n| c         | cast(c as char) |\r\n+-----------+-----------------+\r\n| 4474.7812 | 4474.7812       |\r\n+-----------+-----------------+\r\n1 row in set (0.00 sec)\r\n```\r\n\r\n### What did happened?\r\n\r\n```\r\nmysql> select c, cast(c as char) from t;\r\n+-----------+-----------------+\r\n| c         | cast(c as char) |\r\n+-----------+-----------------+\r\n| 4474.7812 | 4474.7813       |\r\n+-----------+-----------------+\r\n1 row in set (0.00 sec)\r\n```",
  "state": "closed",
  "created_at": "2024-05-09T09:52:28Z",
  "updated_at": "2024-05-11T10:19:10Z",
  "closed_at": "2024-05-11T10:19:10Z",
  "labels": [
    "type/bug",
    "severity/major",
    "affects-5.4",
    "affects-6.1",
    "affects-6.5",
    "affects-7.1",
    "affects-7.5",
    "affects-8.1"
  ],
  "comments_data": []
}